{
    "rmse": 0.7774698643362118,
    "mae": 0.6389346249400099,
    "r2": 0.046629266049857065
}