{
    "rmse": 0.7482607388495137,
    "mae": 0.6091265712772923,
    "r2": 0.11691887052105998
}