{
    "rmse": 0.7890393007695279,
    "mae": 0.6502924445250521,
    "r2": 0.018044158408788258
}